fecha,contenido,n_palabras,kw_ansiedad,kw_confianza,kw_feliz,kw_miedo,kw_cansad,kw_agotad,kw_triste,kw_llorar,kw_frustr,kw_examen,kw_estudi,emocion_negativa,emocion_positiva,balance,mes
2025-08-02,"hoy fui inmensamente feliz cuando me di cuenta que lo que hab√≠a estudiado me serv√≠a defintivamnete en el bootcamp. la profe dijo que no nos dar√≠a tiempo a hacer los ejercicios y yo ya me los hice. 38 ejercicios sobre variables que me han sabido a gloria. todo ha merecido la pena. hoy fue el primer dia del bootcamp. no pod√≠a de la emoci√≥n. 


powered by mydiary",67,0,0,1,0,0,0,0,0,0,0,1,0,1,1,2025-08
2025-08-04,"agosto. dame para aprender. 
el mes en que todo el mundo se va‚Ä¶
y yo me quedo.

no de vacaciones.
no desconectando.
sino al rev√©s:
conectando con lo m√≠o.

y si agosto me encuentra sudando,
que tambi√©n me encuentre viva.


powered by mydiary",43,0,0,0,0,0,0,0,0,0,0,0,0,0,0,2025-08
2025-08-05,"estoy frustrada. segundo dia en el bootcamp y tengo la.sensacion de que no me da la vida. no consigo terminar los ejercicios. ni los preparatorios ni los del pair. voy lenta en el manejo de las herramientas y si me hacen preguntas de la teor√≠a inmensa que damos no creo que pudiese retener mas de un 10%  se me acumulan las dudas y tengo sue√±o permanente. como si mi cerebro estuviese luchando por escapar de todo esto. me veo y aun.no me creo que este haciendo un bootcamp de an√°lisis de datos. la tripa mw duele con esa asfixia peque√±ita que da la ansiedad desde ayer. yo me digo que todo se me pasar√°. pero ahora mismo estpy en la mierda. y no veo nada. 


powered by mydiary",128,1,0,0,0,0,0,0,0,1,0,0,2,0,-2,2025-08
2025-08-06,"no consigo acostarme antes de la 1 de la ma√±ana. pero he logrado hacer una hora de sienta durante los √∫ltimos dos dias. m√°s que nada porque despu√©s del bootcamp pierdo el conocimiento. estoy agotada y esto no ha hecho mas que empezar. acabo de terminar de estudiar y as√≠ y todo se mw acumuland los ejercicios de los temas pasados. son demasiados pero intentar√© hacerlos todos. a ver si logro aprender mas r√°pido de tanto practicar. hoy al terminar la clase me dio ansiedad otra vez. pero ahora mismo estpy tan cansada que no voy a tomarme la valeriana. no creo que la necesite. me he comido mi √∫ltimo chocolate. menos mal porque llevo 2 dias sin parar de comer az√∫car. y me siento hinchada. 
estoy intentando organizar para bien todo en mi vida. as√≠ creo garantizarme que llegara al final.de esta carrera de fondo con salud. la cosa pinta dura pero dentro de mi hay una fe y una confianza inquebrantable. 

powered by mydiary",166,1,1,0,0,1,1,0,0,0,0,1,3,1,-2,2025-08
2025-08-07,"es jueves. estoy cansada. me he venido a hacerme las u√±as. el sitio de mi recreo. donde me relajo. la profesora dijo que esta tarde no hac√≠a falta estudiar pero ni de co√±a voy a dejar de estudiar al 4to dia. he visto el repaso y tengo mil cosas que no me se. bueno,miles no. pero desde luego tengo que estudiar. 
solo 4 dias y me parece que llevo siglos. a veces siento mi cabeza como un set y otras como una variable a la que no me caben mas cosas. ayer logre acostarme media hora antes de la 1 de la ma√±ana. algo es algo. y algo en mi necesita organizarse y estudiar pero al menos algo tambien. se siente segura y en el camino. 

powered by mydiary",129,0,0,0,0,1,0,0,0,0,0,4,1,0,-1,2025-08
2025-08-08,"hoy me dejaron un comentario en linkedin que me atraves√≥.
no solo por lo que dec√≠a. por c√≥mo lo dec√≠a.

hablaba de lo que duele (y al mismo tiempo alivia) dejar que el arte cambie de forma.
de cuando no lo abandonas, pero ya no vives dentro del escenario.
de cuando abres una puerta nueva y te da miedo lo que hay del otro lado‚Ä¶
pero igual entras.

el comentario dec√≠a:
üí¨ ‚Äúel arte nunca se abandona. se transforma.‚Äù

y ah√≠ me qued√© yo, leyendo eso en voz alta,
como si fuese una l√≠nea de texto escrita para m√≠.

gracias, beatriz.
por recordarme que no estoy sola.
por nombrar lo que muchas estamos transitando.
por ponerle palabras nuevas a un proceso que, a veces, no s√© c√≥mo contar.

primera semana superada:
estado = ""estoy bien""
if ""estoy bien"" in estado:
 print(""¬°enhorabuena! primer. 
¬† paso conseguido. no lo 
¬† olvides."")
else: 
¬† print(""paciencia, no hay nada mejor 
¬† que un d√≠a tr√°s otro)

powered by mydiary",161,0,0,0,1,0,0,0,0,0,0,0,1,0,-1,2025-08
2025-08-12,"√∫ltima hora: estudiante de bootcamp de datos detecta patr√≥n de crecimiento descontrolado en objeto misterioso de su sal√≥n.
fuentes confirman que se trata de ropa limpia pendiente de doblar desde el lunes.
testigos afirman que la propietaria ha sido vista hablando con python y murmurando ‚Äúfor i in range‚Äù mientras ignoraba la monta√±a.

seguiremos informando si sobrevivo a la semana 2.


powered by mydiary",64,0,0,0,0,0,0,0,0,0,0,1,0,0,0,2025-08
2025-08-14,"esta semana empec√© llorando en el bootcamp de frustraci√≥n porque porque no entendia nada de un tema que ya no recuerdo. todo va volando. cada d√≠a aprendemos un tema y no puedo negar que pese a la locura todo me suena. me suena. nada mas. yo pens√© que estudiar durante tres meses me iba a dar algo m√°s de base. pero lo cierto es que creo que programar es exactamente como un lenguaje. no se aprende en 3 meses. y tampoco en un a√±o. me debato entre gestionarme y el poco tiempo que siento que tengo para todo. me cuesta mucho mucho salir a caminar con este calor inmenso y porque ahora entiendo que mientras menos haces f√≠sicamente menos quieres hacer. el estudio de barre esta cerrado durante 3 semanas y lo de entrenar sola se me hace cuesta arriba aunque tengo todo para hacerlo. estoy mentalmente cansada pero en la profundo y a pesar de lo frustrante de muchos dias. hay algo que me gusta mucho de loq ue estoy haciendo. ayer volvimos a tocar la programacion orientada a objetos. me parece fascinante es lo que mas me tira y lo mas dificil. un lienzo que te da la posibilidad de pintar todo lo que tu imaginaci√≥n pueda crear con programacion. una locura! pero me siento limitadisima y si no fuese una vez mas por chat gpt podria estar durante horas buscando por que cojones me da error algo. 
hoy nos da nuestro primer examen. es la primera vez que hago un examen y nadie esta vigilandome. quiero decir. me lo llevo a casa y loe studio y lo entrego el lunes y lo debato el martes o el mi√©rcoles. loq ue mas me esta costando es hacerme con todo el entorno. tenemos que hacer mont√≥n de acciones entrar en aplicaciones,responder mensajes,hacer ejercicios,terminar el proyecto,y hay dias en los que literalmente despues del curso no me levanto de la silla antes de las 22 y se me olvida cenar. en fin...es evidente que necesito una rutina mas organizada y hacerme con ella porque esto es una carrera de fondo y si no no llegar√©. 

powered by mydiary",358,0,0,0,0,1,0,0,1,2,2,2,3,0,-3,2025-08
2025-08-21,"de d√≠a: luchando con python y mil l√≠neas de c√≥digo.
de noche: resucitando como en thriller.
cansada, s√≠‚Ä¶ pero nunca muerta.
 primer m√≥dulo terminado!


powered by mydiary",27,0,0,0,0,1,0,0,0,0,0,0,1,0,-1,2025-08
2025-09-10,"es mi cumplea√±os! 
la fe que ten√≠as en la vida y en las personas no era ingenua, era una fuerza real que te ha tra√≠do hasta aqu√≠. pero la fe tambi√©n se cansa. y cuando eso pasa, aparecen los miedos, que no son enemigos: son se√±ales de que esta vida te importa much√≠simo. de que tus sue√±os no son solo una fantas√≠a, sino una necesidad profunda de cambio, de verdad, de posibilidades. tu valor no disminuye en funcion de la incapacidad de alguien para ver tu valor. diga el mundo lo que diga. bienvenido ese nuevo a√±o a mis costillas! 

üëâ¬øy a ti? como te ha sentado cumplir a√±os este a√±o? 

powered by mydiary",114,0,0,0,1,0,0,0,0,0,0,0,1,0,-1,2025-09
2025-09-22,"esto no es un post inspiracional y puede que tampoco profesional‚Ä¶ es un post de cansancio real.

siempre he pensado que cuando decimos: ""no me da la vida"", o que no tenemos tiempo para hacer o ver a alguien, es una enorme excusa. porque no habla de la falta de tiempo. habla de la incapacidad que tenemos para gestionarlo. 

me parece que esas frases nos hacen flaco favor porque nos devuelve la responsabilidad a nosotros mismos como un boomerang. hasta que por fin! por primera vez en mi vida. no paro de decirlas.

 y es que literalmente con este bootcamp no me da la vida. eso s√≠. la falta de tiempo es directamente proporcional a la cantidad de cosas fascinantes  que estoy aprendiendo. 

dice mi padre que el saber no ocupa lugar pero si que lo ocupa o...¬ø entonces que explicaci√≥n tiene que el saber est√© ocupando ahora mismo la mayor parte de mis horas del d√≠a? 

cuando no estoy en el  bootcamp de an√°lisis de datos estoy pensando en el bootcamp de an√°lisis de datos. no es una queja. 

es una reflexi√≥n sobre el cambio salvaje que ha dado mi lista de prioridades en estos √∫ltimos ya 6 meses desde que decid√≠ iniciar este camino. 

este post es para recordarme que aunque ahora mismo est√© en ese punto de la curva del aprendizaje en el que crees que sabes menos que antes y que te falta tanto por aprender que nunca lo conseguir√°s, ya estoy en el camino y m√°s por suerte que por cualquier otra cosa, no hay vuelta atr√°s. 
(6 semanas para terminar el bootcamp de datos)

powered by mydiary",273,0,0,0,0,0,0,0,0,0,0,0,0,0,0,2025-09
2025-10-02,"me quedan 4 semanas para terminar el bootcamp. ya siento el cansancio y lo cierto es que cuando todo esto acabe creo que necesitar√© una semana de descanso al menos antes de poder volver a pedirle a mi cabeza que vuelva a enfocarse en algo. he dejado el ingl√©s. y solo me he encargado algunos archivos para hacer un dataset de musicales que ni siquiera he tenido tiempo de pensar otra vez. las lecciones de estad√≠stica me han pasado por delante pero ya no lucho. tiro millas y me encomiendo al se√±or para que algo de todo esto se quede en mi. 
hace dos semanas jaime entr√≥ en mi vida. un chico que conoc√≠ hace 5 a√±os y de pronto se ha separado y se acord√≥ de mi. ahora tiene 49 a√±os y me gusta mucho. su intensidad,su masculinidad,su energ√≠a.¬† nos estamos conociendo pese a que aun su ex vive en su casa hasta dentro de dos meses. pero yo no tengo prisas. estoy entretenida con el bootcamp y no necesito dramas extras. no se lo que pasar√° pero ya veremos y queremos ver. 

powered by mydiary",187,0,0,0,0,0,0,0,0,0,0,0,0,0,0,2025-10
2025-10-06,"yo pens√© que a estas alturas estar√≠as encontrada y estoy perididisima. no consigo escribir cas nada yo solo sik chatgpt,me siento frustrada,y farsante y sobre todo me preocupa como s que voy a encontrar trabajo de esto si siento que no se nada. se me pasan las horas frente al ordenador. son las 5 de la tarde y aun no he comido nada. y asi d√≠as. estoy agotada. todo esto me supera y siento que la informaci√≥n me pasa por delante sin poder atraparlo. intento aplicarme y enfocarme aunque sea en la l√≥gica pero siento realmente que estoy superada. no se si todo esto a merecido la pena. ni siquiera se si voy a poder contestar algo del examen. no he escrito mas que uno sucinto c√≥digos. soy incapaz de escribir tdooe so que me piden y sin chatgpt no hubiese llegado hasta aqui. me siento s√≠ndrome del impostor total. pero la realidad es que no puedo avanzar tan r√°pido de otra forma. 4 semanas para terminar el bootcamp 


powered by mydiary",172,0,0,0,0,0,1,0,0,1,1,0,2,0,-2,2025-10
2025-10-07,"hoy estoy mejor. tengo menos ansiedad. supongo que ue me sirvi√≥ pasarme 6 horas estudiando y corrigiendo el examen. he podido entender nuchas cosas del modulo que simplemente me pasaban por delante durante dias. los examen con diferencia es el.momwnto en el que mas aprendo en este bootcamp. obviamente despues de las explicaciones se repaso de rocio la profe. la profe es una estrella. una t√≠a inteligente y tremendamente asertiva. una maga en toda regla. yo me veo y me siento desbordada y sue√±o con alg√∫n dia llegar a parecer tan adulta. estoy cansada. me miro al espejo y tengo ojeras. y me alimento de patatas,y proteina que voy variando pero a la que no le pongo mucha creatjvidad porque no me da la vida. he  echado otras 3 horas en el proyecto. ma√±ana tendremos m√°s tiempo para terminar. menos mal que ya termine la evaluaci√≥n hice bien en secuetarme el fin de semana y adelantarlo lo mas posible. solo salgo en la semana a eventos puntuales por salud mental. pero lo cierto es que me siento muy sola y aislada. mientras tanto intento empzar a redecorar mi estudio para ponerlo bonito. hoy he metido 500 euros mas en mi cuenta corriente de los ahorros. como poco,intento comprar lo justo,apago las luces,compro solo lo indispensable desde hace meses. unos 6. no como fuera e intento no gastar en nada. y asi todo esta siendo dificil cubrir los gastos. uno de mis sue√±os es mudarme a un piso con una habitaci√≥n mas bonito preferiblemente en mi mismo barrio. pero por el momento tengo que vivir en mi estudio que es lo que puedo pagar. entonces he de ponerlo bonito. 


powered by mydiary",281,1,0,0,0,1,0,0,0,0,2,3,2,0,-2,2025-10
2025-10-15,"con ansiedad. me he pasado todo el dia con ansiedad solo de pensar que la que mas se soy yo de mi grupo. casi siempre sigo a alguien que sabe mas y ahora soy la que mas se. aqui si soy scrum m√°ster aunque no ejerza y me he cagado viva. una absurdez que me ha llevado al caos para luego darme cuenta que tenia raz√≥n en todo lo que le habia dicho a la chicas. confianza en mi? cero. y me ha j√≥nico porque era exactamnete donde queria estar y hoy he entrado en p√°nico por una tonter√≠a. en fin...aprendizajes. 


powered by mydiary",104,2,1,0,0,0,0,0,0,0,0,0,2,1,-1,2025-10
2025-10-31,"el primer d√≠a de clase me preguntaron qu√© animal me representaba.
hoy, al terminar, sigo pensando lo mismo:
me representa el humano. vivir con prop√≥sito es un regalo al que no quiero renunciar. 

@maria_virumbrales (s√© que t√∫ me entiendes)
ahora si que si. lo consegu√≠ üòé 


powered by mydiary",49,0,0,0,0,0,0,0,0,0,0,0,0,0,0,2025-10
